title,company,location,link
Python Developer,Hibou Corp.,United States,https://www.indeed.com/viewjob?jk=9f2fc32ab2aa30ed
Jr.Python developer on W2,Kree,Remote,https://www.indeed.com/viewjob?jk=de9460ab704023da
Python Developer,Systech Corp,Remote,https://www.indeed.com/viewjob?jk=4d6e2b42ed19c1ec
Entry Level Python Developer / Jr. Python Developer,KesarWeb,"New York, NY",https://www.indeed.com/viewjob?jk=52e375af8715e3d4
Python Developer,Systemonex INC,"New York, NY",https://www.indeed.com/viewjob?jk=261a6748688d29d6
Sr. Python Developer,PROLIM Corporation,United States,https://www.indeed.com/viewjob?jk=01e816c71aa1b7d8
Entry Level Python Developer / Jr. Python Developer,Dash Technologies Inc,"Texas City, TX",https://www.indeed.com/viewjob?jk=29fdc2006cf2ac81
"MACHINE LEARNING ENGINEER - PYTHON, TENSORFLOW",InspiHER Tech,United States,https://www.indeed.com/viewjob?jk=a754b1fae51c41d2
Python Developer Intern,OXO Solutions,"Ruby, SC",https://www.indeed.com/viewjob?jk=84a541c104b5b24c
Data Analyst Assistant,Teus Health,"Newark, NJ",https://www.indeed.com/viewjob?jk=8d47be9e6b5f1cdf
Junior Data Analyst Python,Gallega Software Solutions Inc,"Indianapolis, IN",https://www.indeed.com/viewjob?jk=b4e1013b94ed5504
PYTHON SOFTWARE ENGINEER-DEEP LEARNING,InspiHER Tech,United States,https://www.indeed.com/viewjob?jk=3dd6c509667887e7
Python Developer,Ennsee Technologies,"New York, NY",https://www.indeed.com/viewjob?jk=81f1cd0554a6374f
Data Scientist Entry Level - Pathrise Recruiting Partners,Pathrise,Remote,https://www.indeed.com/viewjob?jk=57125117d2b4b0f6
Python Developer Trainee,Cndro,"Houston, TX",https://www.indeed.com/viewjob?jk=0cf2026f52be6bc9
Python Developer,Systemonex INC,"New York, NY",https://www.indeed.com/viewjob?jk=261a6748688d29d6
Senior Backend Engineer 8+ years (Python),SYSCON International,"South Bend, IN",https://www.indeed.com/viewjob?jk=2b07a451eed6b112
Senior Python Developer,eMoney Advisor,Remote,https://www.indeed.com/viewjob?jk=b59a2281d58eefdf
Python Developer,Hibou Corp.,United States,https://www.indeed.com/viewjob?jk=9f2fc32ab2aa30ed
"Norwell, MA Based Salesforce Developer",UberJets,"Norwell, MA",https://www.indeed.com/viewjob?jk=dfef52069a24e38f
Python Developer,"Shinetech Software, Inc.","Los Angeles, CA",https://www.indeed.com/viewjob?jk=f945a5c3f37ff67f
Software Engineer (Python),StratoDem Analytics LLC,"Chapel Hill, NC",https://www.indeed.com/viewjob?jk=8161857206375e3a
Online Coding Instructor,CodeWizardsHQ,"Indianapolis, IN",https://www.indeed.com/viewjob?jk=84c3d828c60ca02c
Sr. Python Developer,CloudPoint Systems inc.,"Portland, ME",https://www.indeed.com/viewjob?jk=8e913abc178ddc8d
Python Developer,Sreyo Inc,"Morrisville, NC",https://www.indeed.com/viewjob?jk=df9b06ae15f40143
Golang Python Developer,Skillful Technologies,"Philadelphia, PA",https://www.indeed.com/viewjob?jk=7ea1eed7c8e81d12
Python Developer,Indus Group,United States,https://www.indeed.com/viewjob?jk=67008ecde32d356f
Python Developer,Callsign Media,"Las Vegas, NV",https://www.indeed.com/viewjob?jk=345e22ca6e583be5
Jr Python Developer,MNK Infotech,"Irving, TX",https://www.indeed.com/viewjob?jk=b2640914d81a385c
JavaScript Developer,Autonomy Co-op,"Portland, OR",https://www.indeed.com/viewjob?jk=eeeb0ba21d931e66
Front End Developer with Python knowledge,Avancer Corporation,"East Liberty, OH",https://www.indeed.com/viewjob?jk=7f567406a4583252
Data Journalist,Kinsa Inc.,Remote,https://www.indeed.com/viewjob?jk=279cae8f38dcc293
Online Scratch/Python Remote Instructor,Nature Preschool Center,"Austin, TX",https://www.indeed.com/viewjob?jk=d4b0748a77599e7b
Developer - Python Django,Energy Sense Finance,"Tampa, FL",https://www.indeed.com/viewjob?jk=213f60ab30d8eece
Python Developer,Dasmen Residential,"Ramsey, NJ",https://www.indeed.com/viewjob?jk=29efd077bbd2327d
Sr. Python Developer,Gathi Analytics,"San Antonio, TX",https://www.indeed.com/viewjob?jk=dfaa2ae3feddca9e
Python Software Engineer Broomfield CO 1707333,"eiWorkflow Solutions, LLC","Broomfield, CO",https://www.indeed.com/viewjob?jk=f83c59768c1e8b7e
Python And Databricks,Brevco Services,"Parsippany, NJ",https://www.indeed.com/viewjob?jk=e61923e292fc7c34
"Backend Software Engineer, Transport",Indigo,Massachusetts,https://www.indeed.com/viewjob?jk=dcc74537cd84dc5a
Software Developer,ArborNote Software,"Irvine, CA",https://www.indeed.com/viewjob?jk=5dba796f81588800
Python Developer,Ioneq Inc.,"Boston, MA",https://www.indeed.com/viewjob?jk=ee6d0b2c18b80cf1
Python Developer,Technamo LLC,"Washington, DC",https://www.indeed.com/viewjob?jk=12d1620bbdca6a01
Linux and Windows Administrator,Teramind,Remote,https://www.indeed.com/viewjob?jk=f6b67373b2a38da2
Senior Python Developer,Aethon Labs,"San Francisco Bay Area, CA",https://www.indeed.com/viewjob?jk=1ccca04f5183a195
Junior Quant,Dexterity Capital,Remote,https://www.indeed.com/viewjob?jk=e1a750ccc83bd177
Python Engineer,GCS,"Broomfield, CO",https://www.indeed.com/viewjob?jk=8cd9ba43f5c08210
Junior Python Developer,Vision,"King of Prussia, PA",https://www.indeed.com/viewjob?jk=600bd1d6589427f2
Field Operations Specialist,Bayer,Missouri,https://www.indeed.com/viewjob?jk=01ccb7a9f8cf53ea
Python Developer,NextGenITSupport,"San Jose, CA",https://www.indeed.com/viewjob?jk=c6ec98a5448a683b
"Python Developer - AWS, REST API, CI/CD",Computer Enterprises Inc.,"Philadelphia, PA",https://www.indeed.com/viewjob?jk=be0fe556b7eca38a
Junior Software Developer,Cangrade Company,"Cambridge, MA",https://www.indeed.com/viewjob?jk=4b9bb0e09c7f93e6
Data Scientist,Global Fishing Watch,"Oakland, CA",https://www.indeed.com/viewjob?jk=6e7b4efe3821eb15
Linux with Python Scripting,Nivid Technologies,"Richardson, TX",https://www.indeed.com/viewjob?jk=84fea15ba64180d7
Sr. Python Developer,Ksquareinc,"Dallas, TX",https://www.indeed.com/viewjob?jk=adf69da605fc4308
Data Scientist,GradTests (gradtests.com),"Denver, CO",https://www.indeed.com/viewjob?jk=940b8d909c199613
Business Analyst,CYBERMINDS,"San Jose, CA",https://www.indeed.com/viewjob?jk=d3c2960a52e1551d
"Data Engg Developers ( PYTHON, SQL)",Ace-stack LLC,California,https://www.indeed.com/viewjob?jk=3aa969679f3b47e6
SR. SOFTWARE ENGINEER – RUBY ON RAILS/JAVA/PYTHON,InspiHER Tech,"Chicago, IL",https://www.indeed.com/viewjob?jk=95f2233efb4e6dd7
SRE,Piper Companies,Remote,https://www.indeed.com/viewjob?jk=73aa55bfbcf378fd
Investment & Data Science Intern,JAG Capital,"New York, NY",https://www.indeed.com/viewjob?jk=bf694966f51b722e
"SR Full Stack Developer (Python/Django, MySQL or Javascript stack)",arc.dev,Remote,https://www.indeed.com/viewjob?jk=f139592a4f833ffc
Python Developer,Fairmarkit,"Boston, MA",https://www.indeed.com/viewjob?jk=df08f282d8d5546d
Additive Manufacturing Engineer I/II,Fabric8Labs,"San Diego, CA",https://www.indeed.com/viewjob?jk=7734e2b9d8f14d50
"Software Engineer (Java, Golang or Python, Golang)",Prospance Inc,"Austin, TX",https://www.indeed.com/viewjob?jk=06f0fe922d3b15b8
Python Programming Teacher,"VegasBlu, LLC","Las Vegas, NV",https://www.indeed.com/viewjob?jk=b34e3a60c03003a2
Data Engineer-Python,e4 Services,Pennsylvania,https://www.indeed.com/viewjob?jk=b1fcf447ec3e16d5
SDET Role,Vertex IT Services,"Englewood, CO",https://www.indeed.com/viewjob?jk=7481fcf1618b6ff8
Python Developer,Cyber Chasse,United States,https://www.indeed.com/viewjob?jk=c8aaa182fdba1cdb
Python Web Developer,Broadmoor Solutions Inc.,"Allentown, PA",https://www.indeed.com/viewjob?jk=d0b2b4bd3891e68d
Python Engineer,Emsi,"Moscow, ID",https://www.indeed.com/viewjob?jk=363ecb6e97aacb1a
Marketing Jr Media Buy (Mobile Game),"Crazy Maple Studio, Inc.","Sunnyvale, CA",https://www.indeed.com/viewjob?jk=2695e9817151c99b
Senior Embedded Engineer,AGI Suretrack,"Kansas City, MO",https://www.indeed.com/viewjob?jk=490a2918304fe01a
Python Developer,"Shinetech Software, Inc.","Los Angeles, CA",https://www.indeed.com/viewjob?jk=f945a5c3f37ff67f
Python Developer,Systech Corp,Remote,https://www.indeed.com/viewjob?jk=4d6e2b42ed19c1ec
Junior Data Scientist - Pathrise Recruiting Partners,Pathrise,Remote,https://www.indeed.com/viewjob?jk=4fbc59d736aac3c6
Sr. Python Developer,Globant,"Santa Monica, CA",https://www.indeed.com/viewjob?jk=426ce648e7fae2ed
"SAS to Python Developer (3-month corp-to-corp contract, $40/hr, remote)",BNL Consulting,"Atlanta, GA",https://www.indeed.com/viewjob?jk=188fcd1b068f7719
Python Developer,WalkerCassidy,"Las Vegas, NV",https://www.indeed.com/viewjob?jk=555651710190254d
JavaScript Developer,Autonomy Co-op,"Portland, OR",https://www.indeed.com/viewjob?jk=eeeb0ba21d931e66
AWS Python Developer,Wavicle Data Solutions LLC,"Chicago, IL",https://www.indeed.com/viewjob?jk=65f869f214aa923b
Software Engineer - Junior (C++/Python),Boston Dynamics,"Waltham, MA",https://www.indeed.com/viewjob?jk=0fb17bc73ff9274f
Data Analyst,Care Advisors Inc,"Chicago, IL",https://www.indeed.com/viewjob?jk=efdbb8539554889e
Backend Python Engineer - Remote,Doctor On Demand,"Minneapolis, MN",https://www.indeed.com/viewjob?jk=73e42b341f1654c8
Data Developer - SQL/Python,Neo Link Services,"Milwaukee, WI",https://www.indeed.com/viewjob?jk=7d87209309fa56dc
Data Analyst- Contract,ProjectManager.com,Texas,https://www.indeed.com/viewjob?jk=7c1c2e6b07fead60
Junior Developer - Python,Akuna Capital,"Chicago, IL",https://www.indeed.com/viewjob?jk=0b2c553a665c7d64
Senior Python Developer,Frontierpay,Remote,https://www.indeed.com/viewjob?jk=249fd45368894066
Backend Developer,Emergere Technologies,Texas,https://www.indeed.com/viewjob?jk=69d61b5b1052c23e
Music Composer,Gearbox Software,"Frisco, TX",https://www.indeed.com/viewjob?jk=e0120791fafd200d
Python Developer,Systemonex INC,"New York, NY",https://www.indeed.com/viewjob?jk=261a6748688d29d6
Python Developer,"Shinetech Software, Inc.","Los Angeles, CA",https://www.indeed.com/viewjob?jk=f945a5c3f37ff67f
Senior Python Developer,eMoney Advisor,Remote,https://www.indeed.com/viewjob?jk=b59a2281d58eefdf
Python Developer,Hibou Corp.,United States,https://www.indeed.com/viewjob?jk=9f2fc32ab2aa30ed
Python Developer,Systech Corp,Remote,https://www.indeed.com/viewjob?jk=4d6e2b42ed19c1ec
Business Analyst,Dolphin,"Seattle, WA",https://www.indeed.com/viewjob?jk=3d59126d8d217ac4
NLP Engineer,IMMUNITY HEALTH,United States,https://www.indeed.com/viewjob?jk=fc102979e576bc81
Python Developer,Data Ninjas Inc,"Irving, TX",https://www.indeed.com/viewjob?jk=97c69c770b0d8bf1
Sr. Python Developer,Crackajack Solutions,"New York, NY",https://www.indeed.com/viewjob?jk=27ff838af0ba88ab
Data Science Internship: Python,Hitachi Vantara,"Waltham, MA",https://www.indeed.com/viewjob?jk=763c19370ffd96d8
Python Software Intern,Formlabs,"Somerville, MA",https://www.indeed.com/viewjob?jk=695fb61932354586
Backend Software Engineer (Python/Django),ixlayer,"San Francisco, CA",https://www.indeed.com/viewjob?jk=72b5bc8e21a7b513
Quantitative Equities - Programmer/Quantitative Researcher (LAM),Lazard Ltd.,"Boston, MA",https://www.indeed.com/viewjob?jk=56fc8b0787012374
Developer,Alphamatician,United States,https://www.indeed.com/viewjob?jk=e487edabd86b2550
Python Developer,Tri-Tessco Inc.,"Austin, TX",https://www.indeed.com/viewjob?jk=c661c6005fed3e7e
Front end UI Developer with Python,Ace-stack LLC,Virginia,https://www.indeed.com/viewjob?jk=43ccc8ec3d7cd94d
Data Analyst,Democratic National Committee,Remote,https://www.indeed.com/viewjob?jk=d99449e57b14d0a8
Content Creator,LeetCode,Remote,https://www.indeed.com/viewjob?jk=e94af63cb41ad9b5
Data Science Analyst,Michaels,"Dallas-Fort Worth, TX",https://www.indeed.com/viewjob?jk=0c98e71f3b254752
Junior Software Engineer,FormSwift,"San Francisco, CA",https://www.indeed.com/viewjob?jk=1e12b18acfdc21fa
Entry Level Web Developer,Perfect Clicks LLC,"Parsippany, NJ",https://www.indeed.com/viewjob?jk=5d31ebd1cc7a3947
Data Associate (Coordinated Campaign),Democratic National Committee,Remote,https://www.indeed.com/viewjob?jk=88d65d8102b17105
Junior Software Developer,FocusKPI Inc.,Remote,https://www.indeed.com/viewjob?jk=e25db857724e0368
REMOTE - Senior Python/Django Developer,Syrinx,Remote,https://www.indeed.com/viewjob?jk=a416c26bc19e7bcd
"Backend Product Engineer, Python",Telnyx,"Denver, CO",https://www.indeed.com/viewjob?jk=49cf6406c1f883fb
Software Engineer - Backend,MotionAuto,"Lehi, UT",https://www.indeed.com/viewjob?jk=d42337f843150657
Linux System Engineer,EidosMedia,Remote,https://www.indeed.com/viewjob?jk=c7aed998976d1e40
Scientist,Split Biosciences,United States,https://www.indeed.com/viewjob?jk=106bcaebc19c54c3
REMOTE: Senior Python / Django Consultant,Syrinx,Massachusetts,https://www.indeed.com/viewjob?jk=b94c985ff5b59496
Full-Time Opportunities for Students or Recent Graduates: Finance Rotation Program Analyst,Microsoft,"Redmond, WA",https://www.indeed.com/viewjob?jk=1bb9177b40f90043
Data Scientist,Flipside Crypto,"Boston, MA",https://www.indeed.com/viewjob?jk=14faf390f8303631
Technical Writer,Amazon.com Services LLC,United States,https://www.indeed.com/viewjob?jk=63b968186bfd7ff4
REMOTE: Senior Python / Django Developer,Syrinx,Massachusetts,https://www.indeed.com/viewjob?jk=2858b1e8833ee7f5
Entry Level - Full stack developer / Junior Full stack developer,Dash Technologies Inc,"New York, NY",https://www.indeed.com/viewjob?jk=c95eda07ccaa641b
Product Analyst,GradTests (gradtests.com.au),"Seattle, WA",https://www.indeed.com/viewjob?jk=5bc1090e38402ca4
Junior Web Developer,HealPay,"Ann Arbor, MI",https://www.indeed.com/viewjob?jk=707bef3d865041ae
Engineering Software Developer,Vanderplaats R&D,United States,https://www.indeed.com/viewjob?jk=1117a65f5d7da0dc
Python Developer,1974,"Princeton, NJ",https://www.indeed.com/viewjob?jk=444cb9daa3a208d8
Data Analyst (Coordinated Campaign),Democratic National Committee,Remote,https://www.indeed.com/viewjob?jk=a950b3f51924cd74
Consulting Professors,Saylor Academy,Remote,https://www.indeed.com/viewjob?jk=edb0eb6a7ba31772
Staff Software Engineer,Twitter,United States,https://www.indeed.com/viewjob?jk=6fc9aecbd378a559
National Vote-By-Mail Data Manager - 2020 Cycle Position,America Votes,"Washington, DC",https://www.indeed.com/viewjob?jk=57c9071590006999
Product Support Engineer,Logikcull,Remote,https://www.indeed.com/viewjob?jk=566087583e38c29d
Vendor Management with Strong Excel,"Del Oro Consulting, Inc.","Morrisville, NC",https://www.indeed.com/viewjob?jk=8a0d22c392502e36
"Software Engineer (Remote, USA, Full-Time)",4 Mile Analytics,Remote,https://www.indeed.com/viewjob?jk=f1a9fc035b51ec39
Python Developer,Shinetech Software,"Los Angeles, CA",https://www.indeed.com/viewjob?jk=df8ae8471bfd8122
QA Engineer,Mondo,"Houston, TX",https://www.indeed.com/viewjob?jk=54eedae1b31adb05
Python Instructor,Wholeway Trains Education Inc,"Rolling Hills Estates, CA",https://www.indeed.com/viewjob?jk=5e4ef2c68bd4461c
"Hiring for Senior Python Developer in Houston, TX 77002",Koreminds LLC,"Houston, TX",https://www.indeed.com/viewjob?jk=6a828cd6289f3465
Data Scientist,Mobile Programming,"Irvine, CA",https://www.indeed.com/viewjob?jk=df4e6af65c173ecb
SQL Developer,Institute for Medical Research,"Durham, NC",https://www.indeed.com/viewjob?jk=9bd130c2f3789608
Machine Learning Engineer Intern,Magic Brush,"Los Angeles, CA",https://www.indeed.com/viewjob?jk=43164b37e39d8980
"Risk Analyst, Trust and Safety",Facebook,"Austin, TX",https://www.indeed.com/viewjob?jk=68b57c1c4f92d253
Senior Python Developer,OMBU,"Portland, OR",https://www.indeed.com/viewjob?jk=d13b06d1113de40c
Software Engineer,"Utilidata, Inc.","Providence, RI",https://www.indeed.com/viewjob?jk=2f978886eb4612f1
"Norwell, MA Based Salesforce Developer",UberJets,"Norwell, MA",https://www.indeed.com/viewjob?jk=dfef52069a24e38f
Python Developer,Vision Technology Services,"King of Prussia, PA",https://www.indeed.com/viewjob?jk=d7d01937169c78f6
Senior Backend Engineer 8+ years (Python),SYSCON International,"South Bend, IN",https://www.indeed.com/viewjob?jk=2b07a451eed6b112
Software Engineer (Python),StratoDem Analytics LLC,"Chapel Hill, NC",https://www.indeed.com/viewjob?jk=8161857206375e3a
Support,RStudio,United States,https://www.indeed.com/viewjob?jk=2c26339484d5141f
Data Analyst,Care Advisors Inc,"Chicago, IL",https://www.indeed.com/viewjob?jk=efdbb8539554889e
Sr. Python Developer,CloudPoint Systems inc.,"Portland, ME",https://www.indeed.com/viewjob?jk=8e913abc178ddc8d
Python Developer,Sreyo Inc,"Morrisville, NC",https://www.indeed.com/viewjob?jk=df9b06ae15f40143
Online Coding Instructor,CodeWizardsHQ,"Indianapolis, IN",https://www.indeed.com/viewjob?jk=84c3d828c60ca02c
"Software Developer - JavaScript, AngularJS and Python","W&P Management, LLC","Utica, MI",https://www.indeed.com/viewjob?jk=0a96f35bb1bffa06
Front End Developer with Python knowledge,Avancer Corporation,"East Liberty, OH",https://www.indeed.com/viewjob?jk=7f567406a4583252
Python Developer,Callsign Media,"Las Vegas, NV",https://www.indeed.com/viewjob?jk=345e22ca6e583be5
Golang Python Developer,Skillful Technologies,"Philadelphia, PA",https://www.indeed.com/viewjob?jk=7ea1eed7c8e81d12
Python Developer,Indus Group,United States,https://www.indeed.com/viewjob?jk=67008ecde32d356f
Jr Python Developer,MNK Infotech,"Irving, TX",https://www.indeed.com/viewjob?jk=b2640914d81a385c
Developer - Python Django,Energy Sense Finance,"Tampa, FL",https://www.indeed.com/viewjob?jk=213f60ab30d8eece
Data Journalist,Kinsa Inc.,Remote,https://www.indeed.com/viewjob?jk=279cae8f38dcc293
Python Developer,Dasmen Residential,"Ramsey, NJ",https://www.indeed.com/viewjob?jk=29efd077bbd2327d
Sr. Python Developer,Gathi Analytics,"San Antonio, TX",https://www.indeed.com/viewjob?jk=dfaa2ae3feddca9e
Python Software Engineer Broomfield CO 1707333,"eiWorkflow Solutions, LLC","Broomfield, CO",https://www.indeed.com/viewjob?jk=f83c59768c1e8b7e
Python And Databricks,Brevco Services,"Parsippany, NJ",https://www.indeed.com/viewjob?jk=e61923e292fc7c34
Educational Data Scientist,Expatiate Communications,"Pasadena, CA",https://www.indeed.com/viewjob?jk=439c09f59a222300
"Backend Software Engineer, Transport",Indigo,Massachusetts,https://www.indeed.com/viewjob?jk=dcc74537cd84dc5a
Software Developer,ArborNote Software,"Irvine, CA",https://www.indeed.com/viewjob?jk=5dba796f81588800
Python Developer,Ioneq Inc.,"Boston, MA",https://www.indeed.com/viewjob?jk=ee6d0b2c18b80cf1
Python Developer,Technamo LLC,"Washington, DC",https://www.indeed.com/viewjob?jk=12d1620bbdca6a01
Linux and Windows Administrator,Teramind,Remote,https://www.indeed.com/viewjob?jk=f6b67373b2a38da2
Entry Level Web / Application Developer with Computer Science Emphasis,Aperture Home Management,"Scottsdale, AZ",https://www.indeed.com/viewjob?jk=22a4fc6f8b1fd6da
Senior Python Developer,Aethon Labs,"San Francisco Bay Area, CA",https://www.indeed.com/viewjob?jk=1ccca04f5183a195
Junior Quant,Dexterity Capital,Remote,https://www.indeed.com/viewjob?jk=e1a750ccc83bd177
Python Engineer,GCS,"Broomfield, CO",https://www.indeed.com/viewjob?jk=8cd9ba43f5c08210
Junior Python Developer,Vision,"King of Prussia, PA",https://www.indeed.com/viewjob?jk=600bd1d6589427f2
Field Operations Specialist,Bayer,Missouri,https://www.indeed.com/viewjob?jk=01ccb7a9f8cf53ea
Data Scientist,Global Fishing Watch,"Oakland, CA",https://www.indeed.com/viewjob?jk=6e7b4efe3821eb15
Python Engineer,GCS,"Broomfield, CO",https://www.indeed.com/viewjob?jk=8cd9ba43f5c08210
"Python Developer - AWS, REST API, CI/CD",Computer Enterprises Inc.,"Philadelphia, PA",https://www.indeed.com/viewjob?jk=be0fe556b7eca38a
Business Analyst,CYBERMINDS,"San Jose, CA",https://www.indeed.com/viewjob?jk=d3c2960a52e1551d
Python Developer,NextGenITSupport,"San Jose, CA",https://www.indeed.com/viewjob?jk=c6ec98a5448a683b
Junior Software Developer,Cangrade Company,"Cambridge, MA",https://www.indeed.com/viewjob?jk=4b9bb0e09c7f93e6
Investment & Data Science Intern,JAG Capital,"New York, NY",https://www.indeed.com/viewjob?jk=bf694966f51b722e
Linux with Python Scripting,Nivid Technologies,"Richardson, TX",https://www.indeed.com/viewjob?jk=84fea15ba64180d7
Data Scientist,GradTests (gradtests.com),"Denver, CO",https://www.indeed.com/viewjob?jk=940b8d909c199613
Sr. Python Developer,Ksquareinc,"Dallas, TX",https://www.indeed.com/viewjob?jk=adf69da605fc4308
"Data Engg Developers ( PYTHON, SQL)",Ace-stack LLC,California,https://www.indeed.com/viewjob?jk=3aa969679f3b47e6
SR. SOFTWARE ENGINEER – RUBY ON RAILS/JAVA/PYTHON,InspiHER Tech,"Chicago, IL",https://www.indeed.com/viewjob?jk=95f2233efb4e6dd7
Python Developer,Fairmarkit,"Boston, MA",https://www.indeed.com/viewjob?jk=df08f282d8d5546d
"Norwell, MA Based Salesforce Developer",UberJets,"Norwell, MA",https://www.indeed.com/viewjob?jk=dfef52069a24e38f
Additive Manufacturing Engineer I/II,Fabric8Labs,"San Diego, CA",https://www.indeed.com/viewjob?jk=7734e2b9d8f14d50
SDET Role,Vertex IT Services,"Englewood, CO",https://www.indeed.com/viewjob?jk=7481fcf1618b6ff8
Python Developer,Cyber Chasse,United States,https://www.indeed.com/viewjob?jk=c8aaa182fdba1cdb
Python Web Developer,Broadmoor Solutions Inc.,"Allentown, PA",https://www.indeed.com/viewjob?jk=d0b2b4bd3891e68d
Python Engineer,Emsi,"Moscow, ID",https://www.indeed.com/viewjob?jk=363ecb6e97aacb1a
Entry Level Data Analyst,Hopjump,"Boston, MA",https://www.indeed.com/viewjob?jk=2532431132ffbda1
Specialist Scheduling & ISOP,Rio Tinto,United States,https://www.indeed.com/viewjob?jk=b400067de7727196
Insights Analyst,GradTests (gradtests.com),"Albuquerque, NM",https://www.indeed.com/viewjob?jk=fcac7f63a14df727
"Software Engineer, University Grad",Facebook,"Los Angeles, CA",https://www.indeed.com/viewjob?jk=ac8c8e4cd7932e29
Jr Python Developer,Global Data Management Inc,"Woodbridge, NJ",https://www.indeed.com/viewjob?jk=24185ea11dee3248
Data Quality Engineer,Kespry Inc.,California,https://www.indeed.com/viewjob?jk=4205a9b3265ec331
Data 2 the People 2020 Election Fellow,Data 2 the People,Remote,https://www.indeed.com/viewjob?jk=96f1bfae409289b1
Python or Golang Developer - USA Remote,Catalogic Software,"Woodcliff Lake, NJ",https://www.indeed.com/viewjob?jk=5bc6f1af7da17b62
Python Engineer,TrailStone Group,"Austin, TX",https://www.indeed.com/viewjob?jk=2e021214b60d6e20
Python Engineer,The Bernard Group,"Chanhassen, MN",https://www.indeed.com/viewjob?jk=a4cd1521bb6136e2
Python Developer,Sqait Inc,"Great Falls, VA",https://www.indeed.com/viewjob?jk=7fc4d4179e6f45b7
"Software Engineer, University Grad",Facebook,"Los Angeles, CA",https://www.indeed.com/viewjob?jk=ac8c8e4cd7932e29
Jr Python Developer,Global Data Management Inc,"Woodbridge, NJ",https://www.indeed.com/viewjob?jk=24185ea11dee3248
Data Quality Engineer,Kespry Inc.,California,https://www.indeed.com/viewjob?jk=4205a9b3265ec331
Data 2 the People 2020 Election Fellow,Data 2 the People,Remote,https://www.indeed.com/viewjob?jk=96f1bfae409289b1
Python or Golang Developer - USA Remote,Catalogic Software,"Woodcliff Lake, NJ",https://www.indeed.com/viewjob?jk=5bc6f1af7da17b62
Python Engineer,TrailStone Group,"Austin, TX",https://www.indeed.com/viewjob?jk=2e021214b60d6e20
Python Engineer,The Bernard Group,"Chanhassen, MN",https://www.indeed.com/viewjob?jk=a4cd1521bb6136e2
Python Developer,Sqait Inc,"Great Falls, VA",https://www.indeed.com/viewjob?jk=7fc4d4179e6f45b7
Data Curator Associate,U.S. Environmental Protection Agency (EPA),"Research Triangle Park, NC",https://www.indeed.com/viewjob?jk=0953a6d63e5a6860
Data Scientist,Wunderman Thompson,Connecticut,https://www.indeed.com/viewjob?jk=2edfc9bf3a0784aa
NACF Programmer Analyst,Amazon.com Services LLC,Remote,https://www.indeed.com/viewjob?jk=236f97628ed1d6cd
Entry Level - Full stack Java Developer,KesarWeb,"Texas City, TX",https://www.indeed.com/viewjob?jk=a6669a6f37f931f4
"Software Engineer, Backend",,Remote,https://www.indeed.com/viewjob?jk=baddbb0189bde163
"Business Intelligence Analyst, Sales",Slack,Colorado,https://www.indeed.com/viewjob?jk=03c33c31a23cbc0b
Python/Django Developer,"Data Sys IT, Inc","Washington, DC",https://www.indeed.com/viewjob?jk=ddc907658591c171
Data Analyst,Public Health Institute,"Washington County, OR",https://www.indeed.com/viewjob?jk=049fd54a53065dc9
Apps QA Engineer,Vivint Smart Home,"Lehi, UT",https://www.indeed.com/viewjob?jk=e01f7e5d216ed732
"Privacy Engineer, Incident Investigation",Facebook,"Menlo Park, CA",https://www.indeed.com/viewjob?jk=f7b8524fab24ce9e
Data Engineer (Python/C#),Dimensional Fund Advisors,"Austin, TX",https://www.indeed.com/viewjob?jk=40004d418980aa31
Insights Analyst,Cedar Inc,"New York, NY",https://www.indeed.com/viewjob?jk=669e114ecab2b870
Business Analytics Analyst II (open to remote work consideration),American Family Insurance,"Madison, WI",https://www.indeed.com/viewjob?jk=5336a2fccd1da1e4
Jr. Machine Learning Engineers,Enhance IT,"Atlanta, GA",https://www.indeed.com/viewjob?jk=cea8849c43562692
Freelance Online Mentor / Instructor,Quick Start,"Austin, TX",https://www.indeed.com/viewjob?jk=af36ff088cee6a20
Junior Java Developer,Core Software Tech,"Township of Plainsboro, NJ",https://www.indeed.com/viewjob?jk=4c63357d5db35db7
2021 Summer Tech Intern - Software Engineering,Pacific Investment Management Company LLC,United States,https://www.indeed.com/viewjob?jk=bfcbd5230158534b
Supply Chain Analyst,"Dillard's, Inc.","Little Rock, AR",https://www.indeed.com/viewjob?jk=f2a0fe7cc8a27bc5
Junior Data Scientist,PIÑATA SCIENCES,"Boston, MA",https://www.indeed.com/viewjob?jk=7ee6e4997258f140
Database Support Engineer,Exasol,United States,https://www.indeed.com/viewjob?jk=0360d36c56037289
Data Scientist,Microagility,"Hartford, CT",https://www.indeed.com/viewjob?jk=166725d46cf53c65
Junior Full Stack Developer,ChatFunnels,"Provo, UT",https://www.indeed.com/viewjob?jk=f24b3de592aaa608
Business Intelligence Engineer,Pinterest,"San Francisco, CA",https://www.indeed.com/viewjob?jk=4e8e28facc8de3a2
Jr. Application Programmer,Macro Solutions,Virginia,https://www.indeed.com/viewjob?jk=772956de2ad04f9e
Python Developer (Fullstack),Konviere Corporation,"Leawood, KS",https://www.indeed.com/viewjob?jk=213ef23aef1e09fd
Entry-Level Python Developer Teaching Assistant (Finance Sector),Trilogy Education,"Arlington County, VA",https://www.indeed.com/viewjob?jk=5f6df129c05df5c2
"Senior Manager, Business Operations and Strategy",Coinbase,Remote,https://www.indeed.com/viewjob?jk=74a65e5705527806
Entry Level Bookkeeper,CU*Answers,"Grand Rapids, MI",https://www.indeed.com/viewjob?jk=89cbeca068b3be48
Software Engineer- Stores,Cornershop,"Dallas, TX",https://www.indeed.com/viewjob?jk=1da4c9ce0f25fce0
Senior Software Backend Engineer (Python),Hyundai-Aptiv Autonomous Driving Joint Venture,"Santa Monica, CA",https://www.indeed.com/viewjob?jk=3c88ecaf451d0049
Risk Pricing Quantitative Analyst,Boerboel,"New York, NY",https://www.indeed.com/viewjob?jk=247da4c98a67d0d3
Lead Java Developer with Python,Doelsoft,"San Diego, CA",https://www.indeed.com/viewjob?jk=052f755dc6d1bb3d
AI Engineer,Sony Corporation of America,Massachusetts,https://www.indeed.com/viewjob?jk=d363d87817456a74
LD&T Asst Analyst,PepsiCo,"Plano, TX",https://www.indeed.com/viewjob?jk=4e9a79e72734d0dd
"Associate Software Engineer, Build and Release",Slack,California,https://www.indeed.com/viewjob?jk=649a67dfd8ed76c1
Senior Software Developer (Python) - Remote,Averna,"Job, WV",https://www.indeed.com/viewjob?jk=88db6ac73d99c460
"Process Engineer, Drive Unit",Tesla,"Sparks, NV",https://www.indeed.com/viewjob?jk=83036b93c7b08465
Data Scientist,Ushur,United States,https://www.indeed.com/viewjob?jk=c98473a369f65315
Associate Field Software Engineer - Americas,Canonical,Georgia,https://www.indeed.com/viewjob?jk=90cda607aa864538
Python-Developers,Celandyne Software Solutions,"Santa Clara, CA",https://www.indeed.com/viewjob?jk=e004e922fdd74fe6
"eCornell Online Course Facilitators - Python Programming, Python for Data Science, and Machine Learning",Cornell University,"Ithaca, NY",https://www.indeed.com/viewjob?jk=beed7f2089da8495
Python Backend Lead,Nitor Partners,"Dallas, TX",https://www.indeed.com/viewjob?jk=1d4649b9a98166ff
Customer Success Engineer,Vast Data Inc,"Washington, DC",https://www.indeed.com/viewjob?jk=0c7f6ac2973a6536
Python Developer,TRI SOLUTIONS,"Austin, TX",https://www.indeed.com/viewjob?jk=693bbb24d9dfc88c
Python Developer – Consultant – USDC,Deloitte,"Gilbert, AZ",https://www.indeed.com/viewjob?jk=8f21289b90b5f61a
Operations Specialist,Clear Street,"New York, NY",https://www.indeed.com/viewjob?jk=c1aa96e18e693dfd
Support Operations Analyst,Confluent,Remote,https://www.indeed.com/viewjob?jk=b465816a74ed64a4
Cyber Security Operations Level 1 Analyst,Bank of America,"Charlotte, NC",https://www.indeed.com/viewjob?jk=c8737fd821b15a6e
Python Developer – US,Perceptive Analytics,"Houston, TX",https://www.indeed.com/viewjob?jk=91b1d510b7398376
Big Data/Hadoop Developer,Perito Systems Inc,"Bristol, CT",https://www.indeed.com/viewjob?jk=6ebe3243e813172a
Data Scientist,CHS Inc.,"Inver Grove Heights, MN",https://www.indeed.com/viewjob?jk=7f9c5df943ad2d2a
"Data Scientist, Analytics - Instagram Business Ecosystem",Facebook,"San Francisco, CA",https://www.indeed.com/viewjob?jk=a67b967aa1b8d96b
Data Scientist,Horizon Corp,"San Antonio, TX",https://www.indeed.com/viewjob?jk=bef615cf8507db0c
Junior Software Developer (ETL),Charles Schwab Inc.,"Lone Tree, CO",https://www.indeed.com/viewjob?jk=945160abdaeb2f67
Technician,Quantum Spatial INC,"Corvallis, OR",https://www.indeed.com/viewjob?jk=a5734d3d70d5a237
Open Source Software Engineer: Python Agent Team,New Relic,"Portland, OR",https://www.indeed.com/viewjob?jk=eca2c43f3ae379eb
Entry Level Physical Scientist,"Signature Science, LLC","Egg Harbor Township, NJ",https://www.indeed.com/viewjob?jk=30111c65fcf123ed
CNO Developer Senior (C++ and Python),ManTech International Corporation,"Aurora, CO",https://www.indeed.com/viewjob?jk=de6ed36d5fcaf43a
Python Developer,Hibou Corp.,United States,https://www.indeed.com/viewjob?jk=9f2fc32ab2aa30ed
System Architect,iQuartic,"Boston, MA",https://www.indeed.com/viewjob?jk=8fca84bcd240c643
Senior Call Center Analyst,Frontier Communications,"Fort Wayne, IN",https://www.indeed.com/viewjob?jk=154447483b8a8391
Python Developer,Systemonex INC,"New York, NY",https://www.indeed.com/viewjob?jk=261a6748688d29d6
Python Developer,Systech Corp,Remote,https://www.indeed.com/viewjob?jk=4d6e2b42ed19c1ec
Infrared Detector Scientist,Attollo Engineering,"Camarillo, CA",https://www.indeed.com/viewjob?jk=336952ca51dd00fb
Senior Automation Engineer,tap|QA,"Minneapolis, MN",https://www.indeed.com/viewjob?jk=8ed66bd7da0c5de9
Senior Python Developer,eMoney Advisor,Remote,https://www.indeed.com/viewjob?jk=b59a2281d58eefdf
Software Developer - Python & Django,Anders Innovations,"Dallas, TX",https://www.indeed.com/viewjob?jk=8665e0b9139e296a
Insights Analyst,Degreed,Remote,https://www.indeed.com/viewjob?jk=d056a28eeeeb9c92
Python Developer,Frontend Arts,California,https://www.indeed.com/viewjob?jk=61738b1830df2712
Programmer,OpenMind,Remote,https://www.indeed.com/viewjob?jk=5eb50b2116cbe09b
Python Developer,VA Boston Healthcare System,"Boston, MA",https://www.indeed.com/viewjob?jk=2413aca7b355b586
Python Developer,Firstsoft solutions,"Hartford, CT",https://www.indeed.com/viewjob?jk=bc28955ad054bfef
WPS Data Services Professional - Associate,"Nomura Holdings, Inc.",United States,https://www.indeed.com/viewjob?jk=0a5c2dfe82c4f573
Sr. Python Developer,Resiliency LLC,"Madison, NJ",https://www.indeed.com/viewjob?jk=e2e52b62a9820782
Junior Data Analyst,Urner Barry,"Toms River, NJ",https://www.indeed.com/viewjob?jk=95fdb4f48585dab3
Software Engineer - Python/Django (Remote),drchrono,Remote,https://www.indeed.com/viewjob?jk=c1ec2e8c70f040ba
Software Engineer,AccuWeather Careers,Pennsylvania,https://www.indeed.com/viewjob?jk=15bae5e08b7bef51
Business Analyst,Dolphin,"Seattle, WA",https://www.indeed.com/viewjob?jk=3d59126d8d217ac4
NLP Engineer,IMMUNITY HEALTH,United States,https://www.indeed.com/viewjob?jk=fc102979e576bc81
Python Developer,Data Ninjas Inc,"Irving, TX",https://www.indeed.com/viewjob?jk=97c69c770b0d8bf1
Sr. Python Developer,Crackajack Solutions,"New York, NY",https://www.indeed.com/viewjob?jk=27ff838af0ba88ab
Backend Software Engineer (Python/Django),ixlayer,"San Francisco, CA",https://www.indeed.com/viewjob?jk=72b5bc8e21a7b513
Junior Software Developer,FocusKPI Inc.,Remote,https://www.indeed.com/viewjob?jk=e25db857724e0368
WPS Data Services Professional - Associate,"Nomura Holdings, Inc.",United States,https://www.indeed.com/viewjob?jk=0a5c2dfe82c4f573
Data Science Analyst,Michaels,"Dallas-Fort Worth, TX",https://www.indeed.com/viewjob?jk=0c98e71f3b254752
Marketing Jr Media Buy (Mobile Game),"Crazy Maple Studio, Inc.","Sunnyvale, CA",https://www.indeed.com/viewjob?jk=2695e9817151c99b
Lead Python Developer,Epsilon,"San Diego, CA",https://www.indeed.com/viewjob?jk=3222ed3d2248cdc4
Entry Level Web Developer,Perfect Clicks LLC,"Parsippany, NJ",https://www.indeed.com/viewjob?jk=5d31ebd1cc7a3947
Junior Software Engineer,FormSwift,"San Francisco, CA",https://www.indeed.com/viewjob?jk=1e12b18acfdc21fa
"Backend Product Engineer, Python",Telnyx,"Denver, CO",https://www.indeed.com/viewjob?jk=49cf6406c1f883fb
Data Associate (Coordinated Campaign),Democratic National Committee,Remote,https://www.indeed.com/viewjob?jk=88d65d8102b17105
Quantitative Equities - Programmer/Quantitative Researcher (LAM),Lazard Ltd.,"Boston, MA",https://www.indeed.com/viewjob?jk=56fc8b0787012374
Content Creator,LeetCode,Remote,https://www.indeed.com/viewjob?jk=e94af63cb41ad9b5
Front end UI Developer with Python,Ace-stack LLC,Virginia,https://www.indeed.com/viewjob?jk=43ccc8ec3d7cd94d
Full-Time Opportunities for Students or Recent Graduates: Finance Rotation Program Analyst,Microsoft,"Redmond, WA",https://www.indeed.com/viewjob?jk=1bb9177b40f90043
Software Engineer - Backend,MotionAuto,"Lehi, UT",https://www.indeed.com/viewjob?jk=d42337f843150657
Quantitative Equities - Programmer/Quantitative Researcher (LAM),Lazard Ltd.,"Boston, MA",https://www.indeed.com/viewjob?jk=56fc8b0787012374
Content Creator,LeetCode,Remote,https://www.indeed.com/viewjob?jk=e94af63cb41ad9b5
Front end UI Developer with Python,Ace-stack LLC,Virginia,https://www.indeed.com/viewjob?jk=43ccc8ec3d7cd94d
Full-Time Opportunities for Students or Recent Graduates: Finance Rotation Program Analyst,Microsoft,"Redmond, WA",https://www.indeed.com/viewjob?jk=1bb9177b40f90043
Software Engineer - Backend,MotionAuto,"Lehi, UT",https://www.indeed.com/viewjob?jk=d42337f843150657
Junior Web Developer,HealPay,"Ann Arbor, MI",https://www.indeed.com/viewjob?jk=707bef3d865041ae
Product Analyst,GradTests (gradtests.com.au),"Seattle, WA",https://www.indeed.com/viewjob?jk=5bc1090e38402ca4
Software Developer,"Deacom, Inc.","King of Prussia, PA",https://www.indeed.com/viewjob?jk=8c5d3b653cfb5b09
Data Analyst (Coordinated Campaign),Democratic National Committee,Remote,https://www.indeed.com/viewjob?jk=a950b3f51924cd74
Engineering Software Developer,Vanderplaats R&D,United States,https://www.indeed.com/viewjob?jk=1117a65f5d7da0dc
Linux System Engineer,EidosMedia,Remote,https://www.indeed.com/viewjob?jk=c7aed998976d1e40
Data Scientist,Flipside Crypto,"Boston, MA",https://www.indeed.com/viewjob?jk=14faf390f8303631
Entry Level - Full stack developer / Junior Full stack developer,Dash Technologies Inc,"New York, NY",https://www.indeed.com/viewjob?jk=c95eda07ccaa641b
Python Developer,1974,"Princeton, NJ",https://www.indeed.com/viewjob?jk=444cb9daa3a208d8
Product Support Engineer,Logikcull,Remote,https://www.indeed.com/viewjob?jk=566087583e38c29d
Specialist - Cloud Native Global Black Belt,Microsoft,United States,https://www.indeed.com/viewjob?jk=82e6d7fdc1a12e93
Python Web Developer,Nfinity LLC,"Washington, DC",https://www.indeed.com/viewjob?jk=2c6db2bddc44eb60
Software Developer,Luminous Analytics,"New York, NY",https://www.indeed.com/viewjob?jk=9171272c6ed6ae5e
Data Scientist,Imperfect Foods,Remote,https://www.indeed.com/viewjob?jk=5f2008986b0bc356
Incubation Investment Designer,Bungie,"Bellevue, WA",https://www.indeed.com/viewjob?jk=162043815e6cc6f1
Python Developer (GC Holder or US citizen),CLS Bank International,"Herndon, VA",https://www.indeed.com/viewjob?jk=ffb7f971268a6c1f
Principal Python Software Engineer,Railroad19,"Los Angeles, CA",https://www.indeed.com/viewjob?jk=898e90c5e0e8993e
Geophysicist (503064),Aramco Services Company,"Houston, TX",https://www.indeed.com/viewjob?jk=d63945e7000d36c7
QA/Support Engineer for DHCP,Internet Systems Consortium,Remote,https://www.indeed.com/viewjob?jk=6c984adb67a89e29
Fullstack Software Engineer II - Python,HEB,"San Antonio, TX",https://www.indeed.com/viewjob?jk=05bd40d52d654243
Business Analyst,Snow Commerce,"Cincinnati, OH",https://www.indeed.com/viewjob?jk=626fd478aa0d164b
"Full Stack Software Engineer, Remote",Canary Technologies,Remote,https://www.indeed.com/viewjob?jk=42b7fc424289a17b
Back-end Engineer (Python),CartPilot.,"Chicago, IL",https://www.indeed.com/viewjob?jk=b4ac68e9141d6ba7
Data Science Analyst,K12 INC,Remote,https://www.indeed.com/viewjob?jk=447ffd431116cc35
"Postdoctoral Researcher, Product Algorithms",Facebook,"Menlo Park, CA",https://www.indeed.com/viewjob?jk=94897c8e8fa6b714
Algo Software Engineer (C++/Python),Hudson River Trading,"New York, NY",https://www.indeed.com/viewjob?jk=c7c193ae35f5bad7
"Data Engineer, BI Engineering (Python/SQL)",Vimeo,"New York, NY",https://www.indeed.com/viewjob?jk=65b206b832d694e6
QA Tester I,Big Huge Games,"Timonium, MD",https://www.indeed.com/viewjob?jk=2a5122e1453e2a45
Business Intelligence Specialist - US Remote or City of Industry,NZXT,"Industry, CA",https://www.indeed.com/viewjob?jk=f499e5ad318e300b
Data Analyst,Axiologic Solutions,Colorado,https://www.indeed.com/viewjob?jk=49e4ba4e6b10e11f
Data Center Capacity Planner,Facebook,"Fremont, CA",https://www.indeed.com/viewjob?jk=ad4e7f6e9df87fa1
Data Scientists (Modeling),Omnipoint Services Inc,"Dearborn, MI",https://www.indeed.com/viewjob?jk=dfff1a7b6d7652e7
Software Engineer (SWE),Third Wave Automation,"Union City, CA",https://www.indeed.com/viewjob?jk=8105ee18970b0fd3
Python Software Engineer,TapRecruit,"Washington, DC",https://www.indeed.com/viewjob?jk=7c6caf6a2fd07744
Applied Research Engineer (direct hire/full time/remote),Deep Labs,Remote,https://www.indeed.com/viewjob?jk=6c9ae92711473af5
Junior Data Scientist,DataSprouts,"Bloomington, IN",https://www.indeed.com/viewjob?jk=16e49a412ff8efde
Cutting Edge Operations Research Analysts,"INNOVIM, LLC",Massachusetts,https://www.indeed.com/viewjob?jk=2161318b38cf851c
Data Scientist,1800flowers.com,"Carle Place, NY",https://www.indeed.com/viewjob?jk=51fcdbdac14b2bc7
Product Data Analyst,BOLD,"San Francisco, CA",https://www.indeed.com/viewjob?jk=a1c8a76319f15e03
Data Engineer,Panasonic Energy of North America,"Sparks, NV",https://www.indeed.com/viewjob?jk=46568d50ecb40f23
Triage Engineer,MongoDB,New York State,https://www.indeed.com/viewjob?jk=17ef2875e1973ec0
Tableau/ Data Analyst,Precision Technologies,"Township of South Brunswick, NJ",https://www.indeed.com/viewjob?jk=6e4423a96103ec30
PLSQL developer,Opus Consulting Solutions,"Atlanta, GA",https://www.indeed.com/viewjob?jk=6e43b3aaac1bed86
Data Scientist - New College Grad,Proofpoint,"Sunnyvale, CA",https://www.indeed.com/viewjob?jk=186d2aa111994946
Business Operations Strategy Analyst,Apple,"Santa Clara Valley, CA",https://www.indeed.com/viewjob?jk=44baf3da0bd92834
Data Scientist,WWT,"Nashville, TN",https://www.indeed.com/viewjob?jk=a489b1fe9fa5d12e
Business intelligence Developer,Aborn & Co.,"Norwell, MA",https://www.indeed.com/viewjob?jk=2d39e5408e045ec8
Healthcare Data/Reporting Analyst,Ace-stack LLC,"New York, NY",https://www.indeed.com/viewjob?jk=5622723d2b09fd30
Project Engineer,"EnviroKinetics, Inc.","Ontario, CA",https://www.indeed.com/viewjob?jk=4dc8434a12283d09
Economists and Data Scientists,"Ag-Analytics Technology Company, LLC","Lafayette, IN",https://www.indeed.com/viewjob?jk=6bd2d8eca523aa4a
"Product Manager, Security",BlockFi,Remote,https://www.indeed.com/viewjob?jk=4864e7c150df7b23
BI Engineer - Remote PositionNA,Infotree Service Inc,United States,https://www.indeed.com/viewjob?jk=b2d0e9f7986cb143
"Senior Database Developer (Python, XML exp is mandatory)",Zenaide Technologies,"Houston, TX",https://www.indeed.com/viewjob?jk=4cc67f1ad211ef27
Postdoctoral Scholar,UNC-Chapel Hill,"Chapel Hill, NC",https://www.indeed.com/viewjob?jk=eb6811aa327c9f1e
Python Developer,intellectt,"Dallas, TX",https://www.indeed.com/viewjob?jk=da757cb41e877825
Entry-Level Software/Firmware Developer,Futurex,"San Antonio, TX",https://www.indeed.com/viewjob?jk=dfec0534503fefa9
Associate RPA Developer,Sunrun,"Denver, CO",https://www.indeed.com/viewjob?jk=e60f2e080cc31339
Quality Data Analyst,Easton Technical Products,"Salt Lake City, UT",https://www.indeed.com/viewjob?jk=bee0dd5337ecf8f9
Data Scientist,Joby Aviation,"San Carlos, CA",https://www.indeed.com/viewjob?jk=036285c27957e843
Data Analyst / Developer - REMOTE,General Dynamics Information Technology,Virginia,https://www.indeed.com/viewjob?jk=9e0c5a2916d8c052
CNO Developer Senior (C++ and Python),ManTech International Corporation,"Aurora, CO",https://www.indeed.com/viewjob?jk=de6ed36d5fcaf43a
Python Developer,Hibou Corp.,United States,https://www.indeed.com/viewjob?jk=9f2fc32ab2aa30ed
System Architect,iQuartic,"Boston, MA",https://www.indeed.com/viewjob?jk=8fca84bcd240c643
Senior Call Center Analyst,Frontier Communications,"Fort Wayne, IN",https://www.indeed.com/viewjob?jk=154447483b8a8391
Python Developer,Systemonex INC,"New York, NY",https://www.indeed.com/viewjob?jk=261a6748688d29d6
Python Developer,Systech Corp,Remote,https://www.indeed.com/viewjob?jk=4d6e2b42ed19c1ec
Infrared Detector Scientist,Attollo Engineering,"Camarillo, CA",https://www.indeed.com/viewjob?jk=336952ca51dd00fb
Senior Automation Engineer,tap|QA,"Minneapolis, MN",https://www.indeed.com/viewjob?jk=8ed66bd7da0c5de9
Senior Python Developer,eMoney Advisor,Remote,https://www.indeed.com/viewjob?jk=b59a2281d58eefdf
Data Specialist,WHC Worldwide,"Leawood, KS",https://www.indeed.com/viewjob?jk=9cdbf2f392ee000e
"Hiring for Senior Python Developer in Houston, TX 77002",Koreminds LLC,"Houston, TX",https://www.indeed.com/viewjob?jk=6a828cd6289f3465
SQL Developer,Institute for Medical Research,"Durham, NC",https://www.indeed.com/viewjob?jk=9bd130c2f3789608
Python Developer,Epsilon,"San Diego, CA",https://www.indeed.com/viewjob?jk=cac923b5adcd1891
Python Developer,"Artemis Consulting, Inc.","Washington, DC",https://www.indeed.com/viewjob?jk=ae5ea0e21efafcdd
Software Engineer,"Utilidata, Inc.","Providence, RI",https://www.indeed.com/viewjob?jk=2f978886eb4612f1
Data Analyst,"Edison Software, Inc.","Denver, CO",https://www.indeed.com/viewjob?jk=641c68f5e49c5fa7
Python Developer,Stier Solutions,"Menlo Park, CA",https://www.indeed.com/viewjob?jk=1af40020baa8becf
Redhat Engineer,Horizon Corp,"Charlotte, NC",https://www.indeed.com/viewjob?jk=f2cc504b7317affe
QA Engineer II,Toast,Massachusetts,https://www.indeed.com/viewjob?jk=ce388bc051139544
Software Engineer - Python for Windows - Remote,SaltStack,"Lehi, UT",https://www.indeed.com/viewjob?jk=f6dcfcb393c2d1ba
Data Associate,JOYN BIO,"Boston, MA",https://www.indeed.com/viewjob?jk=4abf7c11c2c22105
Machine Learning Internship,Percolata Corporation,"Palo Alto, CA",https://www.indeed.com/viewjob?jk=4916db701447e286
Python Developer,STPL,"San Mateo, CA",https://www.indeed.com/viewjob?jk=da2477680ee9b659
"Python Developer, Junior",Trillion Technology Solutions,"Reston, VA",https://www.indeed.com/viewjob?jk=540f1f2bf5496d87
Python Developer,Epsilon,"San Diego, CA",https://www.indeed.com/viewjob?jk=cac923b5adcd1891
Engineering,RStudio,United States,https://www.indeed.com/viewjob?jk=f30a28ed7d8cf1fe
Python Developer,"Artemis Consulting, Inc.","Washington, DC",https://www.indeed.com/viewjob?jk=ae5ea0e21efafcdd
Anti-Scraping Investigator,Facebook,"Washington, DC",https://www.indeed.com/viewjob?jk=25635dda99416e9c
Data Associate,JOYN BIO,"Boston, MA",https://www.indeed.com/viewjob?jk=4abf7c11c2c22105
Breeder II,Bayer,Missouri,https://www.indeed.com/viewjob?jk=7f9b5fe35c27245a
"Python Developer, Junior",Trillion Technology Solutions,"Reston, VA",https://www.indeed.com/viewjob?jk=540f1f2bf5496d87
Machine Learning Internship,Percolata Corporation,"Palo Alto, CA",https://www.indeed.com/viewjob?jk=4916db701447e286
Redhat Engineer,Horizon Corp,"Charlotte, NC",https://www.indeed.com/viewjob?jk=f2cc504b7317affe
Python Developer,STPL,"San Mateo, CA",https://www.indeed.com/viewjob?jk=da2477680ee9b659
Remote Principal Python Software Engineer,Endurance International Group,Utah,https://www.indeed.com/viewjob?jk=5098c671235bf0b6
Software Engineer - Python for Windows - Remote,SaltStack,"Lehi, UT",https://www.indeed.com/viewjob?jk=f6dcfcb393c2d1ba
Backend Python Engineer,Oracle,United States,https://www.indeed.com/viewjob?jk=46360d03f8a033fc
Java / C++ / Python Developers,10Types,"Wilmington, DE",https://www.indeed.com/viewjob?jk=47e2b785d4d0ef49
Software Engineer,Dimagi,Massachusetts,https://www.indeed.com/viewjob?jk=4bcd3607dbb8b8f0
System Architect,iQuartic,"Boston, MA",https://www.indeed.com/viewjob?jk=8fca84bcd240c643
Product Engineer,Deepgram,"Sacramento, CA",https://www.indeed.com/viewjob?jk=6968acf86a380a6f
IT Solutions Specialist,Golf Team Products,"Beaverton, OR",https://www.indeed.com/viewjob?jk=80353a0c0a73fad5
Senior Headcount Analyst,Wayfair,"Boston, MA",https://www.indeed.com/viewjob?jk=2b2e41f182ebd8a5
Computer Scientist,Vestorly,United States,https://www.indeed.com/viewjob?jk=b59963fde65df393
"Quantitative Analyst, Investing Intelligence",The Motley Fool,"Alexandria, VA",https://www.indeed.com/viewjob?jk=02e50b73607d30ce
Data Scientist (Coordinated Campaign),Democratic National Committee,Remote,https://www.indeed.com/viewjob?jk=8d8391f2b7ad9c38
Junior Quantitative Developer,Akuna Capital,"Boston, MA",https://www.indeed.com/viewjob?jk=5c4fe5f697d2a256
Software Developer,Synap,"Reno, NV",https://www.indeed.com/viewjob?jk=6941ac73935eafae
App Designer,Creative Connect,"Washington, DC",https://www.indeed.com/viewjob?jk=b4194547a11de306
Data Analyst,US Department of Defense,"St. Louis, MO",https://www.indeed.com/viewjob?jk=15f95b995af1027a
Hadoop Developer,Cool Minds LLC,"San Jose, CA",https://www.indeed.com/viewjob?jk=def14f434af3c645
Python developer (React),Ace-stack LLC,"Columbus, OH",https://www.indeed.com/viewjob?jk=e41f21ef47a75fee
ASSOCIATE DEVELOPER,Mohawk Industries,"Kennesaw, GA",https://www.indeed.com/viewjob?jk=93bbf378ea966b14
Data Engineer (Remote),kraken,Remote,https://www.indeed.com/viewjob?jk=639f3ad585324bd1
DATA ENGINEERS,Aptiva Corp,United States,https://www.indeed.com/viewjob?jk=c7a1c72bfd9b89a4
Software Engineer - Python/SaaS - Remote,SaltStack,"Lehi, UT",https://www.indeed.com/viewjob?jk=67466451297c72ff
International Data and Research Fellow,National Wildlife Federation,"Washington, DC",https://www.indeed.com/viewjob?jk=dacc6ec1f89f9095
Data Visualization Specialist,Crunch.io,"Palo Alto, CA",https://www.indeed.com/viewjob?jk=530b6f6617bcd989
Python Grader - Training and Documentation Consultant,Bloomberg,"New York, NY",https://www.indeed.com/viewjob?jk=b3272ffb0ef42c75
"Senior Full-Stack Engineer (QT/ PyQT, C/Python)",EPAM Systems,United States,https://www.indeed.com/viewjob?jk=5b9afa5c76e92f65
Data Analyst,"EDO, Inc.","New York, NY",https://www.indeed.com/viewjob?jk=a66ed91be6749bd5
Data Analyst,Ann & Robert H. Lurie Children's Hospital of Chica...,"Chicago, IL",https://www.indeed.com/viewjob?jk=a653ab8ceb81167e
"Data Scientist, Product Analytics",Facebook,"Washington, DC",https://www.indeed.com/viewjob?jk=34488931d4194b3f
Scientific Research Analysts,Digital Science,"Bethesda, MD",https://www.indeed.com/viewjob?jk=1541542b9e3d204c
Associate - Operational Risks & Permanent Control - Business Supervision and Controls,BNP Paribas,"New York, NY",https://www.indeed.com/viewjob?jk=70a8e78868a67a0b
Solutions Engineer,Pinterest,"San Francisco, CA",https://www.indeed.com/viewjob?jk=f0a3b63f463c621d
Robotics Engineer,Left Hand Robotics,"Longmont, CO",https://www.indeed.com/viewjob?jk=5b4d27b8dd4e75d1
Policy and Statistical Analyst,City of Seattle,"Seattle, WA",https://www.indeed.com/viewjob?jk=703613cc83e1f75e
Senior Network Engineer,Digital Ocean Jobs,Massachusetts,https://www.indeed.com/viewjob?jk=e569b1bf1659b9b7
Data Scientist,Energy Sense Finance,"Tampa, FL",https://www.indeed.com/viewjob?jk=0421ac22a7ffdd5d
Software Engineer,Swift Health Systems Inc.,"Irvine, CA",https://www.indeed.com/viewjob?jk=c0abe15389779068
"Senior Data Engineer (ETL, Python and SQL)",Global Software Resources,"Sunnyvale, CA",https://www.indeed.com/viewjob?jk=a72bba0a31a60f4e
Groundwater Modeling and Machine Learning,Association of Environmental Engineering and Scien...,Texas,https://www.indeed.com/viewjob?jk=b3d1bf3421571ff1
PYTHON DEVELOPER,Netresolute,"Philadelphia, PA",https://www.indeed.com/viewjob?jk=8071567ea613a1b2
Senior Software Engineer/Java,MARS Group,"Milwaukee, WI",https://www.indeed.com/viewjob?jk=254c96a2f5ece856
Software Engineers & Web Developers,1DocWay,"New York, NY",https://www.indeed.com/viewjob?jk=597b9830f39b5420
Experience Quality Technician (IQC),Honeywell,"Houston, TX",https://www.indeed.com/viewjob?jk=3f56122cd4feb7c4
ETL Developer,FAAZ Consulting,"Ashburn, GA",https://www.indeed.com/viewjob?jk=3a700b5e6cf76a99
Project Coordinator and Analyst,Legal Services Corporation,"Washington, DC",https://www.indeed.com/viewjob?jk=612641ce0ae9de84
DevOps / SRE for CloudManaged project [Remote],CloudLinux,"Palo Alto, CA",https://www.indeed.com/viewjob?jk=baed9b42d996c20f
Software Engineer,InsightSquared,"Austin, TX",https://www.indeed.com/viewjob?jk=7053fac66468e464
"Software Engineer, Data Integrations",Transfix.io,Remote,https://www.indeed.com/viewjob?jk=ae06bb369fada965
Consultant,EVOLUTIO,Remote,https://www.indeed.com/viewjob?jk=5cf8f4483a1a23c6
Software Engineer (Entry Level),Saama Technologies Inc,"Bridgewater, NJ",https://www.indeed.com/viewjob?jk=162baa4b226db4e9
Quantitative Analyst,Brownstone Research,"Stamford, CT",https://www.indeed.com/viewjob?jk=552804a467830852
DevOps Developer,ACS Group,"Austin, TX",https://www.indeed.com/viewjob?jk=e8faa5fdda91459f
"Bioinformatician, Associate",The Translational Genomics Research Institute,"Flagstaff, AZ",https://www.indeed.com/viewjob?jk=9620e37b2fc2cfc7
Data Analyst - May '20 Grads,Aberdeen,"Wilton, CT",https://www.indeed.com/viewjob?jk=cab671630a6b2fef
Integrations Product Manager,ReCharge,California,https://www.indeed.com/viewjob?jk=fbc8190bbb4a1936
"AI/ML , Data Engineer",Themesoft,"Chicago, IL",https://www.indeed.com/viewjob?jk=2bf9370fbeda2476
Python Scripting and Tool Development Online Instructor,The Los Angeles Film School,"Winter Park, FL",https://www.indeed.com/viewjob?jk=84c5b3602e97e05a
"Norwell, MA Based Salesforce Developer",UberJets,"Norwell, MA",https://www.indeed.com/viewjob?jk=dfef52069a24e38f
Python Developer,Vision Technology Services,"King of Prussia, PA",https://www.indeed.com/viewjob?jk=d7d01937169c78f6
Python Developer,Hibou Corp.,United States,https://www.indeed.com/viewjob?jk=9f2fc32ab2aa30ed
Python Developer,Systech Corp,Remote,https://www.indeed.com/viewjob?jk=4d6e2b42ed19c1ec
Python Developer,Systemonex INC,"New York, NY",https://www.indeed.com/viewjob?jk=261a6748688d29d6
Infrared Detector Scientist,Attollo Engineering,"Camarillo, CA",https://www.indeed.com/viewjob?jk=336952ca51dd00fb
Senior Python Developer,eMoney Advisor,Remote,https://www.indeed.com/viewjob?jk=b59a2281d58eefdf
Project Coordinator and Analyst,Legal Services Corporation,"Washington, DC",https://www.indeed.com/viewjob?jk=612641ce0ae9de84
Data Analyst,Ann & Robert H. Lurie Children's Hospital of Chica...,"Chicago, IL",https://www.indeed.com/viewjob?jk=a653ab8ceb81167e
Data Analyst - May '20 Grads,Aberdeen,"Wilton, CT",https://www.indeed.com/viewjob?jk=cab671630a6b2fef
"Bioinformatician, Associate",The Translational Genomics Research Institute,"Flagstaff, AZ",https://www.indeed.com/viewjob?jk=9620e37b2fc2cfc7
Senior Software Engineer/Java,MARS Group,"Milwaukee, WI",https://www.indeed.com/viewjob?jk=254c96a2f5ece856
Data Assistant,Northwestern University,"Evanston, IL",https://www.indeed.com/viewjob?jk=efad098ad83cbae2
Software Engineer (Entry Level),Saama Technologies Inc,"Bridgewater, NJ",https://www.indeed.com/viewjob?jk=162baa4b226db4e9
Data Scientist,Facebook,"Fremont, CA",https://www.indeed.com/viewjob?jk=dde5ef0806e098c9
Hadoop Developer,OPULENTSOFT,"San Jose, CA",https://www.indeed.com/viewjob?jk=c3e921e42e2a5ac2
"Software Engineer, Data Integrations",Transfix.io,Remote,https://www.indeed.com/viewjob?jk=ae06bb369fada965
DevOps Engineer,StackOverdrive.io,Remote,https://www.indeed.com/viewjob?jk=8d8420af62876bf7
Junior Software Engineer,GoodLooking,"Austin, TX",https://www.indeed.com/viewjob?jk=d8f784a61508edaf
IT Associate,Tuff City Records,"New York, NY",https://www.indeed.com/viewjob?jk=1af69db7464eabd2
Data Analyst - News and Production,Lee Enterprises,"Davenport, IA",https://www.indeed.com/viewjob?jk=728af19b50a6e8e4
Computer Scientist,Vestorly,United States,https://www.indeed.com/viewjob?jk=b59963fde65df393
python-developer,Primafelicitas,"San Francisco, CA",https://www.indeed.com/viewjob?jk=7363bacb02a91ef9
Ecosystem Modeling Research Associate,U.S. Environmental Protection Agency (EPA),"Gulf Breeze, FL",https://www.indeed.com/viewjob?jk=4323461a46d04a98
Quantitative Analyst,Brownstone Research,"Stamford, CT",https://www.indeed.com/viewjob?jk=552804a467830852
"Privacy Engineer, Technical Audit",Facebook,"Menlo Park, CA",https://www.indeed.com/viewjob?jk=8a6498913340b331
Data Engineer Healthcare - Knoxville,Verana Health,United States,https://www.indeed.com/viewjob?jk=9435489fc267b043
Information Technology Consultant,Elliott Logic,"Oxford, MS",https://www.indeed.com/viewjob?jk=216d707eed8cfd23
"Associate Scientist--(clinical trials, Python,R Scripting)",Infotree Service Inc,"San Francisco, CA",https://www.indeed.com/viewjob?jk=1c3ea984e06403bd
Research Assistant / Research Associate,Woods Hole Oceanographic Institution,"Woods Hole, MA",https://www.indeed.com/viewjob?jk=8b1341615937268b
"Data Scientist, Climate Analytics",McKinsey & Company,"Denver, CO",https://www.indeed.com/viewjob?jk=f2e6bbbf04636906
Senior Python Developer,"Artemis Consulting, Inc.","Washington, DC",https://www.indeed.com/viewjob?jk=35dd82f89d139ee0
Full-Stack Software Engineer (Full-Time),Aware Healthcare,California,https://www.indeed.com/viewjob?jk=63db2f176e59e85e
"Healthcare Economics Consultant, OptumCare",UnitedHealth Group,"Eden Prairie, MN",https://www.indeed.com/viewjob?jk=482e8f9025559597
CAE Engineer,EASi Engineering,"Troy, MI",https://www.indeed.com/viewjob?jk=305001c34cea458f
Software Engineer,Quansight,Remote,https://www.indeed.com/viewjob?jk=5067b31e6fa82693
Data Scientist,Energy Sense Finance,"Tampa, FL",https://www.indeed.com/viewjob?jk=0421ac22a7ffdd5d
Associate Software Engineer,Vertiv Co.,"Austin, TX",https://www.indeed.com/viewjob?jk=626bf511c637f6fd
Applied Econometrician / Statistician,Ford Motor Company,"Dearborn, MI",https://www.indeed.com/viewjob?jk=f69082ecefce23ec
International Data and Research Fellow,National Wildlife Federation,"Washington, DC",https://www.indeed.com/viewjob?jk=dacc6ec1f89f9095
Threat Research Analyst,RiskIQ,"San Francisco, CA",https://www.indeed.com/viewjob?jk=fa70617cbe26fdde
Sr. Python Developer,Nitor Infotech Inc.,"Schaumburg, IL",https://www.indeed.com/viewjob?jk=81f2ffe600aa47fc
Front End Developer,Alloy Magnetic,"Denver, CO",https://www.indeed.com/viewjob?jk=36b2697ca72d3e99
Data Modeling Support (Part-Time),U.S. Environmental Protection Agency (EPA),"Research Triangle Park, NC",https://www.indeed.com/viewjob?jk=026d22c6e1e31a6a
077: Data Science Analyst,Dataspace,"Detroit, MI",https://www.indeed.com/viewjob?jk=27ae4bd5db19a850
Quantitative/Modeling Analyst,Key Bank- Corporate,"Cleveland, OH",https://www.indeed.com/viewjob?jk=243a88880f243c96
Developer,Foundry,"Minneapolis, MN",https://www.indeed.com/viewjob?jk=5614c73de7bb1c97
Developer II - Python,Convene Technologies,"San Antonio, TX",https://www.indeed.com/viewjob?jk=113594cc7cc4aee6
Python Strategy Implementation Developer,Avatar Securities,"New York, NY",https://www.indeed.com/viewjob?jk=68e2d9e30a6a1e57
Prin Engr-Software,BCS Automotive Interface Solutions,"Farmington Hills, MI",https://www.indeed.com/viewjob?jk=8bb680a3df6d70e8
"Research Engineer, Machine Learning Infrastructure",Fyusion,"San Francisco, CA",https://www.indeed.com/viewjob?jk=9d225345dd5265e5
"Data Scientist, Infrastructure",Facebook,"Bellevue, WA",https://www.indeed.com/viewjob?jk=1c4c5d8bb7d89090
AI/ML - Machine Learning R&D Scientist,Naztec International Group LLC,"West Palm Beach, FL",https://www.indeed.com/viewjob?jk=5bc9aae42b5d7cc5
"Data Scientist, Legal Policy & Economics",Uber,"San Francisco, CA",https://www.indeed.com/viewjob?jk=774e8ab55a4627fb
Part-Time Economic Analyst/Editors,Utofun Inc.,"New York, NY",https://www.indeed.com/viewjob?jk=93aa91e14f42655e
Data Analyst,Spin Electric Scooters,"San Francisco, CA",https://www.indeed.com/viewjob?jk=6e0cd82664e1b370
Assistant Research Scientist,Temple University,United States,https://www.indeed.com/viewjob?jk=6dc2ba4eae97e937
CNO Developer Senior (C++ and Python),ManTech International Corporation,"Aurora, CO",https://www.indeed.com/viewjob?jk=de6ed36d5fcaf43a
Python Developer,Hibou Corp.,United States,https://www.indeed.com/viewjob?jk=9f2fc32ab2aa30ed
Python Developer,Systech Corp,Remote,https://www.indeed.com/viewjob?jk=4d6e2b42ed19c1ec
Senior Call Center Analyst,Frontier Communications,"Fort Wayne, IN",https://www.indeed.com/viewjob?jk=154447483b8a8391
Python Developer,Systemonex INC,"New York, NY",https://www.indeed.com/viewjob?jk=261a6748688d29d6
Infrared Detector Scientist,Attollo Engineering,"Camarillo, CA",https://www.indeed.com/viewjob?jk=336952ca51dd00fb
Senior Automation Engineer,tap|QA,"Minneapolis, MN",https://www.indeed.com/viewjob?jk=8ed66bd7da0c5de9
System Architect,iQuartic,"Boston, MA",https://www.indeed.com/viewjob?jk=8fca84bcd240c643
Senior Python Developer,eMoney Advisor,Remote,https://www.indeed.com/viewjob?jk=b59a2281d58eefdf
"Senior Data Analyst (Remote, USA, Full-Time)",4 Mile Analytics,Remote,https://www.indeed.com/viewjob?jk=9c18638551615df6
"Software Developer (Python, Pyspark, Pig)",Park Computer Systems INC,"Newark, CA",https://www.indeed.com/viewjob?jk=d2c4f6b1270a086b
Software Engineer,Oktana,"Charleston, WV",https://www.indeed.com/viewjob?jk=27c043274ee118fd
Threat Intelligence Specialist,Proofpoint,"Richmond, VA",https://www.indeed.com/viewjob?jk=3fa18fb3a7f441c9
Quality Assurance Engineer,"BlackBag Technologies, Inc.",Remote,https://www.indeed.com/viewjob?jk=26e2851423d254d8
"Descriptive Analytics Data Analyst, IB","Jefferies & Company, Inc.","New York, NY",https://www.indeed.com/viewjob?jk=725cafc936461c97
Looking for Python Developer w/SAS,Zllius Inc,"Washington, DC",https://www.indeed.com/viewjob?jk=93efba8fab36bca9
"Norwell, MA Based Salesforce Developer",UberJets,"Norwell, MA",https://www.indeed.com/viewjob?jk=dfef52069a24e38f
"Integration lead (Python, Microservices, CI/CD)",Techera,"Lake Forest, CA",https://www.indeed.com/viewjob?jk=4d54770073ea343b
"Software Engineer (python, backend)",Big Data Federation,"Santa Clara, CA",https://www.indeed.com/viewjob?jk=306c7a01fa390d13
Product Analyst,Game Insight,Remote,https://www.indeed.com/viewjob?jk=04f896b9be09f77a
Sr. Python Developer,"Pegasus Scientific and Professional Services, LLC","Woods Hole, MA",https://www.indeed.com/viewjob?jk=12593690b2b54325
"Software Dev INTERN C++/python - Computer Vision, DL, GUI, Plugins",CharacterFaceGen CFG,"New York, NY",https://www.indeed.com/viewjob?jk=7039e25f68240ad5
Engineer,Tech mahindra,Kentucky,https://www.indeed.com/viewjob?jk=10860fcbb562911b
"Data Scientist, Analytics- Instagram-Family Stories",Facebook,"New York, NY",https://www.indeed.com/viewjob?jk=233dd1634d6132ae
Product Analyst,Game Insight,Remote,https://www.indeed.com/viewjob?jk=04f896b9be09f77a
Senior Python Software Engineer,IdeasJam,Remote,https://www.indeed.com/viewjob?jk=64c100036816dd4f
POLITICAL MAPPING ANALYST,National Democratic Redistricting Committee,United States,https://www.indeed.com/viewjob?jk=2dc5b5216ab7fef7
Engineer,Tech mahindra,Kentucky,https://www.indeed.com/viewjob?jk=10860fcbb562911b
Senior Business Analyst,Vetrotech,"Carolina, PR",https://www.indeed.com/viewjob?jk=a1604cda4fa116aa
"Software Engineer, Shopping Discovery",Pinterest,"San Francisco, CA",https://www.indeed.com/viewjob?jk=70abcce74564ae3e
Senior Python Engineer (Remote OK),MakeSpace,"New York, NY",https://www.indeed.com/viewjob?jk=7ab7587d73e8255f
"Safety Investigator, Community Operations",Facebook,"Austin, TX",https://www.indeed.com/viewjob?jk=d2d74cd753f3135f
ReactJS Developer,Digital dhara,Remote,https://www.indeed.com/viewjob?jk=df03d91df4cbcb32
Sales,RStudio,United States,https://www.indeed.com/viewjob?jk=8f0c4d2a405bc478
GIS Analyst: Paid Internship (Fall 2020),Ballotpedia,Remote,https://www.indeed.com/viewjob?jk=5dbefab5b2860d50
Data Analyst,DMGT,"New York, NY",https://www.indeed.com/viewjob?jk=cb96a2569bd6a644
Junior Front End / Full Stack Software Engineer,Plectica,"New York, NY",https://www.indeed.com/viewjob?jk=168a00aa137f6f7f
Pipeline Developer Internship,Epic Games,"Cary, NC",https://www.indeed.com/viewjob?jk=6c74e016ec8b5168
"Associate Programme Officer – Resource Assessment Potential, P-2",International Renewable Energy Agency (IRENA),United States,https://www.indeed.com/viewjob?jk=095f316a59d51e8e
